City_ID,City,Country,Date,Lat,Lng,Max Temp,Humidity,Cloudiness,Wind Speed
0,Khatanga,RU,2022-04-03 23:45:46,71.9667,102.5,-29.33,100,98,1.86
1,Hobart,AU,2022-04-03 23:37:37,-42.8794,147.3294,61.27,87,75,10.36
2,Phu Ly,VN,2022-04-03 23:45:47,20.5411,105.9139,62.94,68,34,2.06
3,Castro,BR,2022-04-03 23:42:49,-24.7911,-50.0119,62.96,95,84,5.01
4,Cape Town,ZA,2022-04-03 23:38:06,-33.9258,18.4232,62.11,90,20,5.99
5,Beaupre,CA,2022-04-03 23:45:35,47.0443,-70.8953,41.81,80,100,1.14
6,Tasiilaq,GL,2022-04-03 23:39:35,65.6145,-37.6368,23.16,94,96,7.45
7,Rodrigues Alves,BR,2022-04-03 23:45:48,-7.738,-72.6509,77.2,86,77,2.98
8,Samana,DO,2022-04-03 23:45:48,19.2056,-69.3369,80.56,84,70,6.6
9,Hermanus,ZA,2022-04-03 23:39:39,-34.4187,19.2345,57.79,90,20,4.54
10,Rikitea,PF,2022-04-03 23:38:01,-23.1203,-134.9692,76.95,67,59,10.16
11,Lavrentiya,RU,2022-04-03 23:45:49,65.5833,-171.0,-2.58,81,12,11.3
12,Hanzhong,CN,2022-04-03 23:45:50,33.0728,107.0303,59.63,56,100,1.28
13,Mitchell,US,2022-04-03 23:45:50,43.7094,-98.0298,46.38,53,0,25.32
14,Trairi,BR,2022-04-03 23:45:51,-3.2778,-39.2689,75.24,95,45,6.98
15,Abha,SA,2022-04-03 23:45:00,18.2164,42.5053,60.62,33,0,0.0
16,Iskilip,TR,2022-04-03 23:45:52,40.7353,34.4739,46.02,63,100,2.98
17,Kapaa,US,2022-04-03 23:38:20,22.0752,-159.319,82.38,74,40,18.41
18,Albany,US,2022-04-03 23:35:30,42.6001,-73.9662,38.75,89,100,4.97
19,Kavieng,PG,2022-04-03 23:36:22,-2.5744,150.7967,83.14,69,98,4.25
20,Tuktoyaktuk,CA,2022-04-03 23:45:53,69.4541,-133.0374,-16.6,76,20,5.75
21,Erenhot,CN,2022-04-03 23:45:53,43.6475,111.9767,44.56,26,59,9.22
22,Ushuaia,AR,2022-04-03 23:39:25,-54.8,-68.3,37.06,93,40,24.16
23,Vao,NC,2022-04-03 23:45:54,-22.6667,167.4833,79.3,87,68,17.07
24,Egvekinot,RU,2022-04-03 23:36:55,66.3167,-179.1667,-6.41,82,54,16.44
25,Saskylakh,RU,2022-04-03 23:45:55,71.9167,114.0833,-4.97,97,100,11.54
26,Beringovskiy,RU,2022-04-03 23:45:55,63.05,179.3167,1.38,74,50,18.14
27,Bluff,NZ,2022-04-03 23:38:17,-46.6,168.3333,58.21,71,75,9.91
28,Pambujan,PH,2022-04-03 23:45:56,12.5642,124.9276,79.57,89,90,10.71
29,Hualmay,PE,2022-04-03 23:45:57,-11.0964,-77.6139,69.48,84,17,9.93
30,Burns Lake,CA,2022-04-03 23:45:57,54.2331,-125.7533,42.22,40,94,10.69
31,A Coruna,ES,2022-04-03 23:45:58,43.3713,-8.396,45.79,69,20,5.75
32,Pevek,RU,2022-04-03 23:45:55,69.7008,170.3133,-7.76,88,17,2.51
33,Binzhou,CN,2022-04-03 23:45:58,37.3667,118.0167,56.53,50,0,11.88
34,Nikolskoye,RU,2022-04-03 23:45:59,59.7035,30.7861,28.8,94,38,4.21
35,Mataura,NZ,2022-04-03 23:38:20,-46.1927,168.8643,62.65,56,72,1.34
36,Ambilobe,MG,2022-04-03 23:45:59,-13.2,49.05,72.05,96,88,2.33
37,Chokurdakh,RU,2022-04-03 23:38:21,70.6333,147.9167,-6.0,95,81,3.42
38,Acapulco,MX,2022-04-03 23:46:00,16.8634,-99.8901,80.55,61,37,9.64
39,Kushmurun,KZ,2022-04-03 23:46:00,52.4503,64.6311,37.38,82,98,12.44
40,Lebu,CL,2022-04-03 23:46:01,-37.6167,-73.65,53.58,75,0,20.47
41,Jamestown,US,2022-04-03 23:35:31,42.097,-79.2353,35.19,71,100,11.5
42,Salinopolis,BR,2022-04-03 23:46:02,-0.6136,-47.3561,79.16,85,84,8.23
43,Saint George,US,2022-04-03 23:45:59,37.1041,-113.5841,75.63,22,0,11.99
44,Puerto Ayora,EC,2022-04-03 23:46:02,-0.7393,-90.3518,76.55,94,74,8.99
45,Busselton,AU,2022-04-03 23:38:03,-33.65,115.3333,63.1,71,21,15.48
46,Shache,CN,2022-04-03 23:39:25,38.4167,77.2406,55.58,22,12,6.67
47,Punta Arenas,CL,2022-04-03 23:46:03,-53.15,-70.9167,41.11,75,40,17.27
48,Telemaco Borba,BR,2022-04-03 23:44:29,-24.3239,-50.6156,64.49,96,43,2.1
49,Alugan,PH,2022-04-03 23:47:04,12.2188,125.4808,80.69,84,89,12.62
50,Raudeberg,NO,2022-04-03 23:47:05,61.9875,5.1352,32.67,94,100,3.69
51,Barrow,US,2022-04-03 23:38:17,71.2906,-156.7887,-5.78,77,20,14.97
52,Thompson,CA,2022-04-03 23:47:05,55.7435,-97.8558,41.16,45,75,9.22
53,Mar Del Plata,AR,2022-04-03 23:47:06,-38.0023,-57.5575,57.87,60,0,13.8
54,Sitka,US,2022-04-03 23:47:07,57.0531,-135.33,39.09,81,75,13.8
55,Cajaruro,PE,2022-04-03 23:47:07,-5.7364,-78.4256,77.56,75,74,3.74
56,Butaritari,KI,2022-04-03 23:45:51,3.0707,172.7902,81.21,72,81,12.62
57,Pailon,BO,2022-04-03 23:47:08,-17.65,-62.75,80.28,70,1,5.5
58,Upernavik,GL,2022-04-03 23:47:08,72.7868,-56.1549,14.36,82,72,3.91
59,Buala,SB,2022-04-03 23:47:09,-8.145,159.5921,81.93,81,99,10.29
60,Chase,CA,2022-04-03 23:47:09,50.8165,-119.6857,57.15,80,94,4.63
61,Manaus,BR,2022-04-03 23:44:08,-3.1019,-60.025,79.29,94,75,1.14
62,Port Alfred,ZA,2022-04-03 23:45:58,-33.5906,26.891,66.18,90,92,7.0
63,Hithadhoo,MV,2022-04-03 23:38:18,-0.6,73.0833,82.69,69,25,5.08
64,Arona,ES,2022-04-03 23:47:11,28.0996,-16.681,59.83,76,75,20.71
65,Jeremie,HT,2022-04-03 23:47:11,18.65,-74.1167,78.15,81,68,4.36
66,Port Hardy,CA,2022-04-03 23:47:12,50.6996,-127.4199,44.78,81,75,11.5
67,Rayong,TH,2022-04-03 23:47:12,12.8333,101.4333,72.82,79,70,7.31
68,New Norfolk,AU,2022-04-03 23:38:21,-42.7826,147.0587,60.93,79,86,2.08
69,Qaanaaq,GL,2022-04-03 23:38:19,77.484,-69.3632,11.21,68,60,7.74
70,Machilipatnam,IN,2022-04-03 23:47:13,16.1667,81.1333,79.14,89,40,8.21
71,Panzhihua,CN,2022-04-03 23:45:32,26.5851,101.7128,63.09,64,96,1.19
72,Gravdal,NO,2022-04-03 23:47:14,68.1214,13.5031,30.79,69,92,24.29
73,Oussouye,SN,2022-04-03 23:47:15,12.485,-16.5469,69.98,77,83,12.5
74,Tuatapere,NZ,2022-04-03 23:47:15,-46.1333,167.6833,61.56,55,47,1.36
75,Mahebourg,MU,2022-04-03 23:45:54,-20.4081,57.7,79.25,83,40,11.5
76,Inuvik,CA,2022-04-03 23:47:16,68.3499,-133.7218,-10.34,67,75,9.22
77,Aklavik,CA,2022-04-03 23:47:17,68.2191,-135.0107,-5.06,86,100,11.27
78,Carnarvon,AU,2022-04-03 23:39:26,-24.8667,113.6333,75.27,88,4,6.91
79,Fairbanks,US,2022-04-03 23:42:41,64.8378,-147.7164,28.24,56,0,6.91
80,Ust-Barguzin,RU,2022-04-03 23:47:17,53.45,108.9833,17.49,81,94,4.09
81,Kudahuvadhoo,MV,2022-04-03 23:47:18,2.6708,72.8944,82.31,64,7,1.57
82,Masyaf,SY,2022-04-03 23:47:18,35.0653,36.3406,54.55,46,91,8.34
83,Codrington,AU,2022-04-03 23:47:19,-38.2667,141.9667,63.23,66,76,7.4
84,Waingapu,ID,2022-04-03 23:47:19,-9.6567,120.2641,79.77,73,56,3.15
85,Plainview,US,2022-04-03 23:47:20,40.7765,-73.4673,45.86,79,100,4.61
86,Kruisfontein,ZA,2022-04-03 23:44:18,-34.0033,24.7314,58.89,87,63,4.56
87,Berdigestyakh,RU,2022-04-03 23:47:21,62.0989,126.6992,21.04,94,100,8.32
88,Kodiak,US,2022-04-03 23:47:21,57.79,-152.4072,36.91,87,100,8.05
89,College,US,2022-04-03 23:47:22,64.8569,-147.8028,27.07,58,75,6.91
90,Lodja,CD,2022-04-03 23:47:22,-3.4833,23.4333,67.86,99,90,2.26
91,Inhambane,MZ,2022-04-03 23:47:12,-23.865,35.3833,76.05,73,7,9.57
92,Phangnga,TH,2022-04-03 23:47:23,8.4509,98.5298,77.04,94,92,3.11
93,Leningradskiy,RU,2022-04-03 23:47:24,69.3833,178.4167,-7.74,94,88,4.23
94,Atuona,PF,2022-04-03 23:48:24,-9.8,-139.0333,79.84,72,35,20.29
95,Providencia,MX,2022-04-03 23:48:24,28.7167,-111.5833,81.21,50,2,9.1
96,Namatanai,PG,2022-04-03 23:48:25,-3.6667,152.4333,84.27,71,93,5.03
97,Bage,BR,2022-04-03 23:48:25,-31.3314,-54.1069,64.18,100,20,4.61
98,Ancud,CL,2022-04-03 23:47:10,-41.8697,-73.8203,51.22,86,93,6.91
99,Bredasdorp,ZA,2022-04-03 23:48:26,-34.5322,20.0403,59.16,92,32,1.36
100,Bethel,US,2022-04-03 23:39:42,41.3712,-73.414,42.03,91,100,1.01
101,Juegang,CN,2022-04-03 23:48:27,32.3174,121.1855,52.99,64,39,7.14
102,Avarua,CK,2022-04-03 23:48:27,-21.2078,-159.775,78.85,83,20,6.91
103,Beppu,JP,2022-04-03 23:48:28,33.2736,131.4919,55.08,47,0,3.65
104,Hilo,US,2022-04-03 23:39:36,19.7297,-155.09,76.24,90,100,8.05
105,Ust-Karsk,RU,2022-04-03 23:48:29,52.7011,118.8077,24.3,37,13,9.48
106,Clovis,US,2022-04-03 23:44:21,36.8252,-119.7029,83.03,26,40,11.5
107,Muli,MV,2022-04-03 23:48:29,2.9167,73.5667,82.29,64,5,2.57
108,Ribeira Grande,PT,2022-04-03 23:48:30,38.5167,-28.7,60.46,77,74,11.5
109,Paka,MY,2022-04-03 23:48:30,4.6374,103.4368,75.13,100,40,0.0
110,Sao Filipe,CV,2022-04-03 23:45:33,14.8961,-24.4956,70.47,75,11,6.78
111,Dingle,PH,2022-04-03 23:48:31,10.9995,122.6711,81.0,76,95,10.71
112,Damghan,IR,2022-04-03 23:48:32,36.1683,54.348,64.58,21,0,3.56
113,Huarmey,PE,2022-04-03 23:48:32,-10.0681,-78.1522,70.2,84,18,8.7
114,Zhigalovo,RU,2022-04-03 23:48:33,54.8097,105.1578,16.0,85,51,1.41
115,Avera,US,2022-04-03 23:48:33,33.194,-82.5271,69.85,42,0,6.46
116,Lompoc,US,2022-04-03 23:48:34,34.6391,-120.4579,66.13,80,100,13.8
117,Czluchow,PL,2022-04-03 23:48:34,53.6672,17.3588,31.05,72,95,8.01
118,Camacha,PT,2022-04-03 23:48:35,33.0833,-16.3333,56.62,58,75,25.32
119,Tilichiki,RU,2022-04-03 23:48:35,60.4667,166.1,19.4,76,99,5.84
120,Narsaq,GL,2022-04-03 23:48:36,60.9167,-46.05,39.42,87,96,0.72
121,Ginir,ET,2022-04-03 23:48:36,7.1333,40.7,57.61,61,99,5.08
122,Upington,ZA,2022-04-03 23:48:37,-28.4478,21.2561,55.78,76,0,5.75
123,Fuxin,CN,2022-04-03 23:48:37,42.0156,121.6589,51.58,46,2,14.56
124,Ahipara,NZ,2022-04-03 23:48:38,-35.1667,173.1667,73.42,66,4,3.42
125,Cabra,ES,2022-04-03 23:48:38,37.4725,-4.4421,49.66,74,100,4.45
126,Palmer,US,2022-04-03 23:48:38,42.1584,-72.3287,43.63,81,100,3.44
127,Ha Giang,VN,2022-04-03 23:48:39,22.8333,104.9833,60.24,73,0,1.32
128,Alofi,NU,2022-04-03 23:48:39,-19.0595,-169.9187,85.89,62,43,8.05
129,Marataizes,BR,2022-04-03 23:48:40,-21.0433,-40.8244,75.85,88,4,2.68
130,Karratha,AU,2022-04-03 23:48:41,-20.7377,116.8463,82.42,63,0,9.64
131,Ambon,ID,2022-04-03 23:48:41,-3.6954,128.1814,89.74,70,40,0.0
132,Georgetown,MY,2022-04-03 23:44:19,5.4112,100.3354,76.95,93,20,0.0
133,Madang,PG,2022-04-03 23:48:42,-5.2246,145.7966,84.29,70,97,0.65
134,Opotiki,NZ,2022-04-03 23:48:42,-38.0833,177.2833,71.15,65,8,5.08
135,Yellowknife,CA,2022-04-03 23:48:43,62.456,-114.3525,25.41,61,40,19.57
136,Marsa Matruh,EG,2022-04-03 23:48:43,31.3525,27.2453,59.2,88,0,4.61
137,Dikson,RU,2022-04-03 23:48:44,73.5069,80.5464,-2.4,99,64,8.63
138,Cidreira,BR,2022-04-03 23:49:44,-30.1811,-50.2056,69.44,97,100,13.67
139,Moorhead,US,2022-04-03 23:45:57,46.8739,-96.7676,37.98,71,100,9.22
140,Vaini,TO,2022-04-03 23:49:45,-21.2,-175.2,78.96,89,100,5.75
141,Pedernales,DO,2022-04-03 23:49:45,18.0384,-71.744,79.21,75,75,8.95
142,Lachen,CH,2022-04-03 23:49:46,47.1915,8.8562,34.18,94,56,3.6
143,Ponta Do Sol,PT,2022-04-03 23:49:42,32.6667,-17.1,61.43,71,100,14.2
144,Ostrovnoy,RU,2022-04-03 23:49:47,68.0531,39.5131,12.51,96,97,5.39
145,Gladstone,AU,2022-04-03 23:49:48,-23.85,151.25,80.53,61,75,11.5
146,Buraydah,SA,2022-04-03 23:49:49,26.326,43.975,70.25,12,68,8.5
147,Kaitangata,NZ,2022-04-03 23:49:49,-46.2817,169.8464,61.86,58,79,1.41
148,Bambous Virieux,MU,2022-04-03 23:50:11,-20.3428,57.7575,79.21,83,40,11.5
149,Sarakhs,IR,2022-04-03 23:50:11,36.5449,61.1577,69.57,17,13,6.13
150,Axim,GH,2022-04-03 23:50:12,4.8699,-2.2405,81.84,86,100,9.89
151,Orlik,RU,2022-04-03 23:50:12,52.5178,99.825,19.96,93,100,7.49
152,Alakurtti,RU,2022-04-03 23:50:13,66.9672,30.3491,20.34,96,99,2.86
153,Faanui,PF,2022-04-03 23:50:13,-16.4833,-151.75,82.26,69,54,11.14
154,Bogorodskoye,RU,2022-04-03 23:50:15,56.55,37.8833,12.0,97,98,2.55
155,Saint-Philippe,RE,2022-04-03 23:50:15,-21.3585,55.7679,74.79,88,98,12.21
156,Severo-Kurilsk,RU,2022-04-03 23:50:16,50.6789,156.125,34.03,90,23,9.98
157,Longyearbyen,SJ,2022-04-03 23:50:16,78.2186,15.6401,8.44,52,20,21.85
158,Villazon,BO,2022-04-03 23:50:17,-22.0866,-65.5942,56.93,18,34,4.72
159,Arroyo,ES,2022-04-03 23:50:17,41.6096,-4.7969,32.59,69,0,17.27
160,Prince Rupert,CA,2022-04-03 23:50:17,54.3161,-130.3201,42.89,81,100,26.46
161,Mapiripan,CO,2022-04-03 23:50:18,2.8892,-72.1256,75.06,91,86,4.47
162,Gouyave,GD,2022-04-03 23:50:18,12.1646,-61.7296,77.77,73,20,16.11
163,Ukiah,US,2022-04-03 23:50:03,39.1502,-123.2078,70.84,36,0,12.66
164,Dhidhdhoo,MV,2022-04-03 23:49:03,6.8833,73.1,82.54,72,6,3.2
165,Hurzuf,UA,2022-04-03 23:50:20,44.55,34.2833,46.69,75,22,12.64
166,Maceio,BR,2022-04-03 23:50:20,-9.6658,-35.7353,74.64,88,40,3.44
167,Cayenne,GF,2022-04-03 23:46:39,4.9333,-52.3333,80.1,1,20,5.75
168,Nome,US,2022-04-03 23:50:21,64.5011,-165.4064,17.67,49,0,9.22
169,Chuy,UY,2022-04-03 23:50:21,-33.6971,-53.4616,63.45,93,83,4.68
170,Chumphon,TH,2022-04-03 23:50:22,10.3333,98.8333,69.82,97,98,3.85
171,Nisia Floresta,BR,2022-04-03 23:50:22,-6.0911,-35.2086,76.01,90,75,5.17
172,Okhotsk,RU,2022-04-03 23:50:23,59.3833,143.3,23.04,87,100,13.78
173,La Paz,BO,2022-04-03 23:50:23,-16.5,-68.15,51.78,87,75,8.05
174,Shenjiamen,CN,2022-04-03 23:50:24,29.9576,122.298,53.13,59,21,7.47
175,Kourou,GF,2022-04-03 23:50:24,5.1552,-52.6478,80.11,91,92,8.1
176,Hachinohe,JP,2022-04-03 23:50:25,40.5,141.5,50.83,66,67,3.15
177,Argentan,FR,2022-04-03 23:50:25,48.75,-0.0167,28.26,83,26,2.64
178,Sturgeon Falls,CA,2022-04-03 23:50:25,46.3646,-79.9326,40.96,92,87,3.87
179,Cabo San Lucas,MX,2022-04-03 23:46:00,22.8909,-109.9124,76.6,70,50,14.54
180,Lagoa,PT,2022-04-03 23:50:26,39.05,-27.9833,58.78,76,28,15.01
181,Nanakuli,US,2022-04-03 23:51:27,21.3906,-158.1547,82.35,61,100,16.11
182,Portland,US,2022-04-03 23:51:27,45.5234,-122.6762,58.28,65,100,13.8
183,Makakilo City,US,2022-04-03 23:51:27,21.3469,-158.0858,80.92,60,100,21.85
184,New Ulm,US,2022-04-03 23:48:54,44.3125,-94.4605,45.43,77,100,10.36
185,Gidole,ET,2022-04-03 23:51:28,5.65,37.3667,59.29,51,39,3.62
186,Yakeshi,CN,2022-04-03 23:51:29,49.2833,120.7333,28.06,61,84,5.75
187,Grand Gaube,MU,2022-04-03 23:51:29,-20.0064,57.6608,79.38,81,28,8.99
188,Panorama,GR,2022-04-03 23:51:29,40.5878,23.0315,49.46,56,61,1.99
189,East London,ZA,2022-04-03 23:48:04,-33.0153,27.9116,69.13,88,47,10.04
190,Hasaki,JP,2022-04-03 23:51:30,35.7333,140.8333,52.2,84,99,22.17
191,Uusikaupunki,FI,2022-04-03 23:51:31,60.8004,21.4084,33.96,80,100,8.23
192,Aksarka,RU,2022-04-03 23:51:31,66.5606,67.7975,16.72,93,100,18.45
193,Hamilton,US,2022-04-03 23:47:51,39.1834,-84.5333,53.56,48,75,3.44
194,Bjornevatn,NO,2022-04-03 23:51:32,69.6672,29.9847,24.42,93,20,4.61
195,Petrozavodsk,RU,2022-04-03 23:51:32,61.7849,34.3469,24.26,74,69,6.71
196,Nioro,GM,2022-04-03 23:51:33,13.35,-15.75,75.49,42,55,12.19
197,Revda,RU,2022-04-03 23:51:33,56.801,59.9303,41.22,93,90,12.08
198,Saint-Pierre,RE,2022-04-03 23:51:34,-21.3393,55.4781,74.88,90,100,4.61
199,Payo,ID,2022-04-03 23:51:34,-3.7508,103.6372,73.11,88,91,1.41
200,Matay,EG,2022-04-03 23:51:35,28.419,30.7792,68.79,22,13,11.07
201,Amberley,US,2022-04-03 23:51:35,39.2048,-84.428,53.11,49,75,3.44
202,Tiksi,RU,2022-04-03 23:51:36,71.6872,128.8694,5.92,95,100,8.01
203,Waipawa,NZ,2022-04-03 23:51:36,-41.4122,175.5153,64.36,55,37,3.71
204,Gwanda,ZW,2022-04-03 23:51:37,-20.9333,29.0,72.54,57,74,5.14
205,Kropotkin,RU,2022-04-03 23:51:37,45.4375,40.5756,47.25,81,83,20.27
206,Ilulissat,GL,2022-04-03 23:51:38,69.2167,-51.1,18.64,94,18,7.34
207,Porto Novo,BJ,2022-04-03 23:51:38,6.4965,2.6036,84.02,82,94,8.97
208,Hofn,IS,2022-04-03 23:51:39,64.2539,-15.2082,34.93,77,100,17.22
209,Sao Joao Da Barra,BR,2022-04-03 23:51:39,-21.6403,-41.0511,75.24,90,7,6.33
210,Iqaluit,CA,2022-04-03 23:51:39,63.7506,-68.5145,22.73,93,75,2.3
211,Srednekolymsk,RU,2022-04-03 23:51:40,67.45,153.6833,1.54,90,93,4.12
212,Airai,TL,2022-04-03 23:51:41,-8.9266,125.4092,67.69,60,39,1.77
213,Katsuura,JP,2022-04-03 23:51:41,35.1333,140.3,50.02,89,100,16.35
214,San Mateo Ixtatan,GT,2022-04-03 23:51:41,15.8319,-91.4781,56.41,74,72,5.84
215,Boende,CD,2022-04-03 23:51:42,-0.2167,20.8667,71.76,84,100,2.62
216,Gatesville,US,2022-04-03 23:51:42,31.4352,-97.7439,84.31,38,0,6.91
217,Nouadhibou,MR,2022-04-03 23:51:43,20.931,-17.0347,64.38,94,0,8.05
218,Tokat,TR,2022-04-03 23:51:35,40.4167,36.5833,40.15,63,99,2.75
219,Port Elizabeth,ZA,2022-04-03 23:51:43,-33.918,25.5701,62.89,91,0,4.61
220,San Cristobal,VE,2022-04-03 23:51:44,7.7669,-72.225,77.18,77,44,3.22
221,Etalle,BE,2022-04-03 23:51:44,49.6764,5.602,29.91,82,23,2.68
222,Sayyan,YE,2022-04-03 23:51:45,15.1718,44.3244,56.16,20,55,4.83
223,Provideniya,RU,2022-04-03 23:51:45,64.3833,-173.3,12.36,62,0,18.01
224,Kathua,IN,2022-04-03 23:51:46,32.3667,75.5167,70.3,17,1,4.54
225,Hastings,GB,2022-04-03 23:51:46,50.8552,0.5729,43.29,70,86,14.94
226,Itarema,BR,2022-04-03 23:52:23,-2.9248,-39.9167,77.09,91,53,8.97
227,Arlit,NE,2022-04-03 23:52:47,18.7369,7.3853,85.14,5,68,8.99
228,Zhanaozen,KZ,2022-04-03 23:52:47,43.3,52.8,54.79,62,76,9.84
229,Millau,FR,2022-04-03 23:52:48,44.0833,2.9167,32.13,95,45,3.38
230,Vestmannaeyjar,IS,2022-04-03 23:52:48,63.4427,-20.2734,42.96,81,100,12.28
231,Saldanha,ZA,2022-04-03 23:52:49,-33.0117,17.9442,59.7,89,0,9.04
232,Whitehorse,CA,2022-04-03 23:50:52,60.7161,-135.0538,38.01,53,75,17.27
233,Ustrzyki Dolne,PL,2022-04-03 23:52:49,49.4304,22.5938,24.98,100,77,3.85
234,Pacific Grove,US,2022-04-03 23:52:50,36.6177,-121.9166,71.22,68,0,13.8
235,Maltahohe,NA,2022-04-03 23:52:50,-24.8333,16.9833,57.24,36,0,10.4
236,Labuhan,ID,2022-04-03 23:52:51,-6.8844,112.2051,77.52,85,89,6.51
237,Santa Cruz De Tenerife,ES,2022-04-03 23:51:38,28.4682,-16.2546,67.64,83,75,18.41
238,Raton,US,2022-04-03 23:52:52,36.9034,-104.4391,57.81,31,100,14.97
239,Arraial Do Cabo,BR,2022-04-03 23:52:52,-22.9661,-42.0278,76.86,86,11,6.51
240,Torbay,CA,2022-04-03 23:51:50,47.6666,-52.7314,36.57,86,40,20.71
241,Nogales,MX,2022-04-03 23:50:40,31.3086,-110.9422,78.37,11,0,10.36
242,Hambantota,LK,2022-04-03 23:52:53,6.1241,81.1185,77.92,85,21,2.28
243,Killybegs,IE,2022-04-03 23:52:54,54.6333,-8.45,49.91,96,100,18.28
244,Bengkulu,ID,2022-04-03 23:52:54,-3.8004,102.2655,76.06,82,91,4.54
245,Kitimat,CA,2022-04-03 23:52:54,54.0524,-128.6534,44.98,63,90,1.99
246,Cherskiy,RU,2022-04-03 23:48:19,68.75,161.3,0.52,88,100,4.56
247,Mount Gambier,AU,2022-04-03 23:51:20,-37.8333,140.7667,57.11,88,100,6.91
248,Churachandpur,IN,2022-04-03 23:52:55,24.3333,93.6667,61.29,92,41,1.43
249,Gulu,UG,2022-04-03 23:52:56,2.7746,32.299,69.49,59,80,0.34
250,Cavalcante,BR,2022-04-03 23:52:56,-13.7975,-47.4583,72.32,55,35,1.86
251,Port Blair,IN,2022-04-03 23:52:57,11.6667,92.75,78.84,78,20,3.44
252,Fort Nelson,CA,2022-04-03 23:51:50,58.8053,-122.7002,36.99,48,75,10.36
253,Vila Velha,BR,2022-04-03 23:52:57,-20.3297,-40.2925,82.35,84,40,2.3
254,Victoria,HK,2022-04-03 23:51:03,22.2855,114.1577,69.24,51,0,10.0
255,Santona,ES,2022-04-03 23:52:58,43.4439,-3.4576,42.6,72,99,7.45
256,Kautokeino,NO,2022-04-03 23:52:58,69.0125,23.0412,10.94,95,97,7.52
257,Najran,SA,2022-04-03 23:52:59,17.4924,44.1277,65.05,17,34,0.56
258,Vetlanda,SE,2022-04-03 23:49:49,57.4289,15.0776,35.29,97,100,9.46
259,Buluang,PH,2022-04-03 23:52:59,13.3068,123.3425,81.07,74,60,5.06
260,Vila Franca Do Campo,PT,2022-04-03 23:53:00,37.7167,-25.4333,57.61,71,31,13.31
261,Nha Trang,VN,2022-04-03 23:49:54,12.25,109.1833,77.0,87,100,8.86
262,Amahai,ID,2022-04-03 23:53:01,-3.3333,128.9167,82.33,73,77,2.13
263,Vostok,RU,2022-04-03 23:52:07,46.4856,135.8833,43.9,65,0,7.34
264,Kalachinsk,RU,2022-04-03 23:53:01,55.0529,74.5751,33.3,98,100,8.14
265,Taoudenni,ML,2022-04-03 23:53:02,22.6783,-3.9836,83.97,10,0,8.08
266,Fortuna,US,2022-04-03 23:53:02,40.5982,-124.1573,58.93,70,20,11.5
267,Mnogovershinnyy,RU,2022-04-03 23:53:03,53.9353,139.9242,33.66,99,99,4.45
268,Flin Flon,CA,2022-04-03 23:53:03,54.7682,-101.865,39.04,60,75,9.22
269,Natal,BR,2022-04-03 23:53:04,-5.795,-35.2094,75.85,100,100,6.91
270,Pasighat,IN,2022-04-03 23:53:04,28.0667,95.3333,67.3,96,100,3.94
271,Santa Maria,BR,2022-04-03 23:53:05,-29.6842,-53.8069,63.7,100,100,5.75
272,San Patricio,US,2022-04-03 23:53:05,28.017,-97.5169,81.54,63,0,14.74
273,Straumen,NO,2022-04-03 23:53:06,63.8709,11.2999,30.2,95,100,3.36
274,Zlatoust,RU,2022-04-03 23:54:06,55.1711,59.6508,35.56,92,100,4.38
275,San Quintin,MX,2022-04-03 23:54:06,30.4833,-115.95,62.37,64,10,14.34
276,George Town,MY,2022-04-03 23:49:49,5.4112,100.3354,76.95,94,20,0.0
277,Clyde River,CA,2022-04-03 23:50:37,70.4692,-68.5914,7.03,85,0,9.22
278,Araguaina,BR,2022-04-03 23:54:07,-7.1911,-48.2072,75.42,91,86,3.33
279,Nuuk,GL,2022-04-03 23:54:08,64.1835,-51.7216,24.6,83,2,6.71
280,Omboue,GA,2022-04-03 23:54:08,-1.5746,9.2618,77.05,90,92,1.68
281,Casma,CL,2022-04-03 23:54:09,-41.0082,-73.1244,51.08,85,95,2.39
282,Tautira,PF,2022-04-03 23:54:09,-17.7333,-149.15,82.26,72,33,12.73
283,Victorville,US,2022-04-03 23:54:10,34.5361,-117.2912,77.11,32,100,11.01
284,Turukhansk,RU,2022-04-03 23:54:11,65.8167,87.9833,-3.5,98,37,5.79
285,Kayasula,RU,2022-04-03 23:54:11,44.325,45.0,53.42,68,91,20.24
286,Sibu,MY,2022-04-03 23:54:12,2.3,111.8167,75.51,94,40,3.44
287,Zhigansk,RU,2022-04-03 23:54:12,66.7697,123.3711,3.88,86,77,12.53
288,Winnemucca,US,2022-04-03 23:54:13,40.973,-117.7357,64.45,12,0,5.75
289,Tiznit,MA,2022-04-03 23:54:13,29.5833,-9.5,58.68,59,25,3.53
290,Oudtshoorn,ZA,2022-04-03 23:54:14,-33.5907,22.2014,55.76,86,36,2.19
291,Helong,CN,2022-04-03 23:54:14,42.5397,128.9972,51.08,34,4,6.96
292,Northam,GB,2022-04-03 23:54:14,51.0333,-4.2167,46.62,76,75,14.47
293,Scarborough,GB,2022-04-03 23:54:15,54.2797,-0.4044,43.34,88,100,11.01
294,Barabinsk,RU,2022-04-03 23:54:15,55.3571,78.357,33.1,100,100,7.07
295,Marrakesh,MA,2022-04-03 23:50:34,31.6315,-8.0083,57.27,72,40,6.91
296,Kuryk,KZ,2022-04-03 23:54:16,43.2,51.65,52.52,74,82,4.09
297,Laguna,US,2022-04-03 23:54:16,38.421,-121.4238,82.62,28,0,9.22
298,Mawlaik,MM,2022-04-03 23:54:17,23.6333,94.4167,70.9,83,7,1.88
299,Chitral,PK,2022-04-03 23:54:17,35.8462,71.7858,50.95,40,0,6.78
300,Auch,FR,2022-04-03 23:54:18,43.65,0.5833,34.34,78,23,2.51
301,Talnakh,RU,2022-04-03 23:54:18,69.4865,88.3972,-1.68,97,83,7.54
302,Poum,NC,2022-04-03 23:54:19,-20.2333,164.0167,81.97,83,100,20.07
303,Farah,AF,2022-04-03 23:54:19,32.5,62.5,64.76,10,0,3.74
304,Yumen,CN,2022-04-03 23:54:20,40.2833,97.2,45.68,26,4,9.66
305,Midland,US,2022-04-03 23:52:01,31.9974,-102.0779,84.87,32,40,9.22
306,Santa Isabel Do Rio Negro,BR,2022-04-03 23:54:20,-0.4139,-65.0192,74.14,98,68,3.13
307,Amnat Charoen,TH,2022-04-03 23:54:21,15.9167,104.75,65.07,67,96,14.9
308,Zanzibar,TZ,2022-04-03 23:54:21,-6.1639,39.1979,77.36,86,68,3.87
309,Djambala,CG,2022-04-03 23:54:22,-2.5447,14.7533,69.48,89,99,2.26
310,Rochefort,FR,2022-04-03 23:54:22,45.9167,-1.0,37.85,69,8,7.63
311,Bodmin,GB,2022-04-03 23:54:23,50.4715,-4.7243,46.36,71,40,11.5
312,Muyezerskiy,RU,2022-04-03 23:54:23,63.9333,31.65,8.51,98,77,4.32
313,Kahului,US,2022-04-03 23:54:23,20.8947,-156.47,79.97,86,31,11.99
314,Oranjemund,NA,2022-04-03 23:54:24,-28.55,16.4333,58.8,93,13,5.39
315,Hobyo,SO,2022-04-03 23:54:24,5.3505,48.5268,80.82,73,31,8.37
316,Lazaro Cardenas,MX,2022-04-03 23:54:25,17.9583,-102.2,77.88,67,34,9.66
317,Sorland,NO,2022-04-03 23:51:07,67.667,12.6934,33.28,84,49,27.76
318,Coos Bay,US,2022-04-03 23:54:25,43.3665,-124.2179,60.31,75,100,16.11
319,Shelburne,CA,2022-04-03 23:54:26,44.0787,-80.2041,35.76,88,83,9.93
320,Pointe-Noire,CG,2022-04-03 23:54:27,-4.7761,11.8635,77.74,93,52,3.36
321,La Baule-Escoublac,FR,2022-04-03 23:55:27,47.2922,-2.364,37.06,83,0,4.61
322,Husavik,IS,2022-04-03 23:55:27,66.0449,-17.3389,26.98,92,100,9.04
323,Saint-Augustin,CA,2022-04-03 23:53:30,51.226,-58.6502,32.79,81,75,14.99
324,Makamba,BI,2022-04-03 23:55:28,-4.1348,29.804,60.69,88,83,1.74
325,Pimentel,PE,2022-04-03 23:55:29,-6.8367,-79.9342,73.69,64,0,23.02
326,Alexandria,EG,2022-04-03 23:51:48,31.2156,29.9553,60.76,72,0,5.75
327,Souillac,MU,2022-04-03 23:55:29,-20.5167,57.5167,79.18,83,40,11.5
328,Nuevitas,CU,2022-04-03 23:55:30,21.5453,-77.2644,77.85,80,54,5.28
329,Inongo,CD,2022-04-03 23:55:30,-1.95,18.2667,72.88,91,97,3.06
330,Terrasini,IT,2022-04-03 23:55:31,38.146,13.0844,53.22,70,0,1.14
331,Pomezia,IT,2022-04-03 23:55:31,41.667,12.5052,48.54,75,0,5.75
332,Tura,IN,2022-04-03 23:55:32,25.5198,90.2201,69.94,96,44,7.7
333,Gannan,CN,2022-04-03 23:55:33,47.9147,123.5031,49.89,34,78,11.65
334,Bandarbeyla,SO,2022-04-03 23:55:33,9.4942,50.8122,76.42,80,51,1.14
335,Muros,ES,2022-04-03 23:55:33,42.7762,-9.0603,45.09,62,0,22.73
336,Batticaloa,LK,2022-04-03 23:55:34,7.7102,81.6924,77.88,83,4,4.05
337,Dzilam Gonzalez,MX,2022-04-03 23:55:34,21.2833,-88.9333,79.29,81,53,8.23
338,Borogontsy,RU,2022-04-03 23:55:35,62.6683,131.1683,20.86,92,99,4.81
339,Havre-Saint-Pierre,CA,2022-04-03 23:51:52,50.2334,-63.5986,37.76,56,0,6.91
340,Wanning,CN,2022-04-03 23:55:36,18.8003,110.3967,69.67,72,100,11.65
341,Huntsville,US,2022-04-03 23:55:02,34.7304,-86.5861,62.47,29,0,8.05
342,Padang,ID,2022-04-03 23:55:37,-0.9492,100.3543,76.69,81,22,4.52
343,Igrim,RU,2022-04-03 23:55:38,63.1906,64.4162,30.61,98,100,8.61
344,Margate,GB,2022-04-03 23:55:38,51.3813,1.3862,40.69,64,82,5.01
345,Mollendo,PE,2022-04-03 23:55:39,-17.0231,-72.0147,68.14,83,46,7.72
346,Luderitz,NA,2022-04-03 23:55:39,-26.6481,15.1594,58.96,86,0,4.99
347,Shellbrook,CA,2022-04-03 23:55:40,53.2168,-106.4011,36.63,98,78,5.55
348,Xuanhua,CN,2022-04-03 23:55:40,40.6103,115.0447,50.61,31,20,2.55
349,Kirksville,US,2022-04-03 23:55:41,40.1948,-92.5833,58.05,67,100,1.99
350,Rawalpindi,PK,2022-04-03 23:55:41,33.6007,73.0679,71.24,54,0,4.07
351,Balkanabat,TM,2022-04-03 23:55:42,39.5108,54.3671,71.83,19,2,2.86
352,Filingue,NE,2022-04-03 23:55:42,14.3521,3.3168,84.56,6,100,2.33
353,Tabou,CI,2022-04-03 23:55:42,4.423,-7.3528,79.92,85,100,9.08
354,Touros,BR,2022-04-03 23:52:18,-5.1989,-35.4608,77.23,90,98,8.61
355,Kijang,KR,2022-04-03 23:55:43,35.2442,129.2139,47.93,53,0,1.28
356,Tra Vinh,VN,2022-04-03 23:55:44,9.9347,106.3453,76.57,84,100,4.97
357,Mildura,AU,2022-04-03 23:55:44,-34.2,142.15,71.08,55,0,1.14
358,Shentala,RU,2022-04-03 23:55:45,54.45,51.4833,36.54,93,91,4.41
359,Zhangjiakou,CN,2022-04-03 23:55:45,40.81,114.8794,48.24,31,22,1.99
360,Kyaikkami,MM,2022-04-03 23:55:45,16.08,97.5675,77.05,58,96,8.1
361,Charkhi Dadri,IN,2022-04-03 23:55:46,28.6,76.2667,73.85,6,0,5.75
362,Koupela,BF,2022-04-03 23:55:46,12.1794,-0.3517,86.0,47,98,9.26
363,Santa Rosa,PH,2022-04-03 23:55:47,14.3122,121.1114,84.11,69,95,14.45
364,Nizhniy Tsasuchey,RU,2022-04-03 23:55:47,50.5167,115.1333,28.74,38,100,8.46
365,Aksu,CN,2022-04-03 23:55:48,41.1231,80.2644,54.68,30,0,5.84
366,Sambava,MG,2022-04-03 23:56:48,-14.2667,50.1667,75.07,89,100,4.16
367,Naze,JP,2022-04-03 23:56:49,28.3667,129.4833,61.72,53,6,12.66
368,Paita,PE,2022-04-03 23:56:49,-5.0892,-81.1144,73.0,81,58,19.44
369,Norman Wells,CA,2022-04-03 23:56:09,65.282,-126.8329,5.04,51,75,5.75
370,Kalmunai,LK,2022-04-03 23:56:50,7.4167,81.8167,77.25,86,23,3.15
371,Mehamn,NO,2022-04-03 23:56:50,71.0357,27.8492,21.7,63,89,8.68
372,Pisco,PE,2022-04-03 23:55:54,-13.7,-76.2167,68.05,77,0,19.57
373,Moanda,GA,2022-04-03 23:56:51,-1.5575,13.2178,70.07,97,89,1.83
374,Auka,HN,2022-04-03 23:56:51,14.9333,-83.8333,78.53,75,63,6.4
375,Amapa,BR,2022-04-03 23:53:38,1.0,-52.0,72.9,99,100,1.19
376,Jalu,LY,2022-04-03 23:56:52,29.0331,21.5482,74.16,15,8,13.11
377,Boguchany,RU,2022-04-03 23:57:14,58.3814,97.4531,6.93,96,58,2.75
378,Valleyview,CA,2022-04-03 23:57:14,55.0667,-117.2859,51.84,35,15,11.5
379,Kajaani,FI,2022-04-03 23:57:15,64.2273,27.7285,5.05,85,0,1.14
380,Charlestown,AU,2022-04-03 23:53:43,-32.95,151.6667,77.11,61,17,8.01
381,Safaga,EG,2022-04-03 23:57:15,26.7292,33.9365,77.09,33,100,14.85
382,Tiarei,PF,2022-04-03 23:57:16,-17.5333,-149.3333,87.82,71,45,11.25
383,Ouadda,CF,2022-04-03 23:57:16,8.0777,22.4007,74.71,62,99,4.14
384,Ventspils,LV,2022-04-03 23:57:17,57.3894,21.5606,37.33,81,0,11.5
385,Tepalcatepec,MX,2022-04-03 23:57:17,19.1833,-102.85,99.5,12,38,4.41
386,Cotonou,BJ,2022-04-03 23:57:18,6.3654,2.4183,84.18,84,40,10.36
387,Bousso,TD,2022-04-03 23:57:18,10.4795,16.7117,89.42,12,100,3.06
388,Bowen,AU,2022-04-03 23:57:19,-20.0167,148.2333,81.18,74,59,8.16
389,Tessalit,ML,2022-04-03 23:53:39,20.1986,1.0114,86.38,9,2,5.35
390,Esperance,AU,2022-04-03 23:57:06,-33.8667,121.9,64.24,86,100,3.15
391,Nyrob,RU,2022-04-03 23:57:19,60.733,56.7202,36.39,100,100,10.71
392,Tieli,CN,2022-04-03 23:57:20,46.95,128.05,49.68,44,22,15.37
393,Jardim,BR,2022-04-03 23:57:20,-21.4803,-56.1381,78.1,68,38,3.0
394,San Andres,CO,2022-04-03 23:57:21,12.5847,-81.7006,82.42,74,20,11.5
395,Livingston,GB,2022-04-03 23:57:21,55.9029,-3.5226,48.85,89,75,19.57
396,Sainte-Maxime,FR,2022-04-03 23:57:22,43.3,6.6333,45.0,75,5,4.88
397,San Luis,AR,2022-04-03 23:57:22,-33.295,-66.3356,52.3,36,0,13.13
398,Surt,LY,2022-04-03 23:57:23,31.2089,16.5887,61.39,83,0,12.12
399,Puerto Escondido,MX,2022-04-03 23:57:23,15.85,-97.0667,83.08,59,2,7.87
400,Sawankhalok,TH,2022-04-03 23:57:23,17.316,99.8319,73.29,73,75,0.0
401,Tobermory,CA,2022-04-03 23:57:24,45.2501,-81.6665,33.21,91,75,10.0
402,Tefe,BR,2022-04-03 23:57:24,-3.3542,-64.7114,73.42,98,72,3.18
403,Monrovia,LR,2022-04-03 23:57:25,6.3005,-10.7969,78.67,90,70,4.99
404,Schweinfurt,DE,2022-04-03 23:57:25,50.05,10.2333,28.8,89,17,4.27
405,Terney,RU,2022-04-03 23:57:26,45.0503,136.6092,48.63,55,0,5.3
406,Kloulklubed,PW,2022-04-03 23:53:38,7.0419,134.2556,82.27,73,100,2.24
407,Bilibino,RU,2022-04-03 23:57:26,68.0546,166.4372,4.57,76,33,2.64
408,Mogadishu,SO,2022-04-03 23:57:27,2.0371,45.3438,80.65,81,51,12.1
409,Rio Gallegos,AR,2022-04-03 23:57:27,-51.6226,-69.2181,42.85,70,0,14.97
410,Jieshi,CN,2022-04-03 23:57:28,22.8134,115.8257,60.94,55,0,17.47
411,Anamur,TR,2022-04-03 23:57:28,36.0751,32.8369,62.8,59,5,6.85
412,Acari,PE,2022-04-03 23:57:29,-15.4311,-74.6158,72.54,77,18,3.83
413,Vychegodskiy,RU,2022-04-03 23:57:29,61.247,46.8984,18.81,97,99,6.73
414,Kodinsk,RU,2022-04-03 23:55:37,58.6881,99.1844,8.85,95,79,2.77
415,Geraldton,AU,2022-04-03 23:57:30,-28.7667,114.6,73.81,73,100,14.97
416,Colac,AU,2022-04-03 23:58:30,-38.3333,143.5833,58.17,73,89,6.55
417,Komsomolskiy,UZ,2022-04-03 23:58:31,40.4272,71.7189,54.32,66,99,2.3
418,Mizdah,LY,2022-04-03 23:58:31,31.4451,12.9801,54.32,85,0,14.81
419,Cap-Aux-Meules,CA,2022-04-03 23:58:32,47.3821,-61.8597,30.22,80,75,10.36
420,Aswan,EG,2022-04-03 23:58:32,24.0934,32.907,87.1,19,0,11.5
421,Havoysund,NO,2022-04-03 23:58:32,70.9963,24.6622,26.83,57,100,12.44
422,Buldana,IN,2022-04-03 23:58:33,20.5333,76.1833,80.74,17,15,7.34
423,Berbera,SO,2022-04-03 23:58:34,10.4396,45.0143,79.59,82,2,5.46
424,Qujing,CN,2022-04-03 23:57:13,25.4833,103.7833,46.13,70,82,4.94
425,Igdir,TR,2022-04-03 23:58:34,39.9237,44.045,58.93,53,94,4.32
426,Palmares,BR,2022-04-03 23:58:24,-8.6833,-35.5917,73.63,95,66,1.54
427,Saint-Leu,RE,2022-04-03 23:58:35,-21.15,55.2833,74.26,79,93,2.53
428,Alyangula,AU,2022-04-03 23:58:35,-13.8483,136.4192,82.27,78,75,3.44
429,Biograd Na Moru,HR,2022-04-03 23:58:36,43.9433,15.4519,42.76,59,1,5.5
430,Praia Da Vitoria,PT,2022-04-03 23:58:36,38.7333,-27.0667,59.25,88,40,13.38
431,Sechelt,CA,2022-04-03 23:58:37,49.4664,-123.7694,49.28,90,97,9.08
432,Kavaratti,IN,2022-04-03 23:58:37,10.5669,72.642,82.0,71,61,5.82
433,Boca Do Acre,BR,2022-04-03 23:58:38,-8.7522,-67.3978,78.17,77,90,1.81
434,Pangnirtung,CA,2022-04-03 23:58:38,66.1451,-65.7125,23.23,93,100,0.96
435,Pringsewu,ID,2022-04-03 23:58:38,-5.3582,104.9744,73.8,88,100,2.1
436,Ayan,RU,2022-04-03 23:58:39,56.45,138.1667,26.26,93,100,19.73
437,Half Moon Bay,US,2022-04-03 23:58:39,37.4636,-122.4286,73.89,58,0,19.57
438,Coihaique,CL,2022-04-03 23:56:00,-45.5752,-72.0662,49.95,62,75,6.91
439,San Policarpo,PH,2022-04-03 23:58:40,12.1791,125.5072,81.01,83,89,13.29
440,Guangzhou,CN,2022-04-03 23:57:54,23.1167,113.25,58.95,44,0,3.53
441,Sebring,US,2022-04-03 23:58:41,27.4956,-81.4409,75.81,75,40,5.75
442,Alaverdi,AM,2022-04-03 23:58:41,41.0977,44.6732,50.83,62,97,5.44
443,Dunedin,NZ,2022-04-03 23:58:42,-45.8742,170.5036,60.64,67,83,3.56
444,Cervo,ES,2022-04-03 23:58:42,43.6702,-7.4101,47.97,62,45,19.06
445,Kuito,AO,2022-04-03 23:58:43,-12.3833,16.9333,59.81,91,100,4.16
446,Kedrovyy,RU,2022-04-03 23:58:43,56.1667,91.8167,18.01,92,100,4.12
447,Honiara,SB,2022-04-03 23:57:06,-9.4333,159.95,83.41,75,99,5.77
448,Antiguo Morelos,MX,2022-04-03 23:58:44,22.5495,-99.0812,85.46,35,33,11.18
449,Mayo,US,2022-04-03 23:58:44,38.8876,-76.5119,49.12,49,0,16.11
450,Sabang,ID,2022-04-03 23:58:45,5.8933,95.3214,80.8,74,99,7.34
451,Bac Lieu,VN,2022-04-03 23:58:45,9.285,105.7244,77.95,81,99,12.91
452,Khunti,IN,2022-04-03 23:58:46,23.0833,85.2833,77.11,13,1,3.44
453,Alwar,IN,2022-04-03 23:58:46,27.5667,76.6,77.09,6,0,3.85
454,Mandalgovi,MN,2022-04-03 23:58:47,45.7625,106.2708,38.19,42,53,11.52
455,La Ronge,CA,2022-04-03 23:58:47,55.1001,-105.2842,43.05,42,20,6.91
456,Mumbwa,ZM,2022-04-03 23:58:48,-14.9783,27.0619,63.43,95,85,3.53
457,Jaleswar,NP,2022-04-03 23:58:48,26.6471,85.8008,77.5,65,7,7.81
458,Belyy Yar,RU,2022-04-03 23:58:49,53.6039,91.3903,35.49,87,40,6.71
459,Takoradi,GH,2022-04-03 23:57:11,4.8845,-1.7554,81.61,85,99,9.86
460,Smithers,CA,2022-04-03 23:58:49,54.7804,-127.1743,43.12,31,75,5.75
461,Tartagal,AR,2022-04-03 23:58:50,-22.5164,-63.8013,68.18,67,10,5.77
462,Bonthe,SL,2022-04-03 23:58:50,7.5264,-12.505,77.02,82,46,5.5
463,Mulchen,CL,2022-04-03 23:59:50,-37.7167,-72.2333,57.06,47,2,8.77
464,Sur,OM,2022-04-03 23:59:51,22.5667,59.5289,81.25,40,23,10.6
465,Ugoofaaru,MV,2022-04-03 23:59:17,5.6667,73.0,82.51,69,8,2.46
466,Hovd,MN,2022-04-03 23:59:52,48.0056,91.6419,37.78,34,46,8.01
467,Tocopilla,CL,2022-04-03 23:59:52,-22.092,-70.1979,68.61,69,19,9.1
468,Ngunguru,NZ,2022-04-03 23:59:52,-35.6167,174.5,69.55,75,8,6.78
469,Santa Vitoria,BR,2022-04-03 23:59:53,-18.8386,-50.1214,75.27,70,5,3.31
470,Muisne,EC,2022-04-03 23:59:54,0.6,-80.0333,77.13,87,90,5.95
471,Bystrice Nad Pernstejnem,CZ,2022-04-03 23:59:54,49.5229,16.2615,27.45,63,30,5.08
472,Harper,LR,2022-04-03 23:59:54,4.375,-7.7169,80.24,83,100,9.53
473,Namibe,AO,2022-04-03 23:59:55,-15.1961,12.1522,70.81,78,100,4.34
474,Belmonte,BR,2022-04-03 23:57:29,-15.8631,-38.8828,77.34,82,7,7.58
475,Tshela,CD,2022-04-03 23:59:56,-4.9833,12.9333,72.63,99,75,1.1
476,Mount Isa,AU,2022-04-03 23:59:56,-20.7333,139.5,82.17,15,67,13.8
477,Faya,SA,2022-04-03 23:59:57,18.3851,42.4509,60.91,35,95,0.98
478,Forbes,AU,2022-04-03 23:59:57,-33.3833,148.0167,73.92,35,65,2.66
479,Qaqortoq,GL,2022-04-03 23:59:58,60.7167,-46.0333,33.01,86,84,1.43
480,Raga,SS,2022-04-03 23:59:58,8.4596,25.678,77.76,54,42,4.07
481,Guerrero Negro,MX,2022-04-03 23:59:58,27.9769,-114.0611,63.9,56,11,16.04
482,Artyom,AZ,2022-04-03 23:59:59,40.4723,50.333,71.74,60,95,16.96
483,Beatrice,US,2022-04-03 23:56:13,40.2681,-96.747,62.19,54,75,3.44
484,Deputatskiy,RU,2022-04-03 23:57:50,69.3,139.9,-5.22,94,74,2.39
485,Covington,US,2022-04-04 00:00:00,39.0837,-84.5086,54.48,49,8,2.44
486,Novochernorechenskiy,RU,2022-04-04 00:00:01,56.2669,91.0828,20.46,85,100,5.17
487,Nemuro,JP,2022-04-04 00:00:01,43.3236,145.575,39.27,78,0,16.04
488,Eenhana,NA,2022-04-04 00:00:03,-17.4667,16.3333,64.89,93,94,6.04
489,Usakos,NA,2022-04-04 00:00:05,-22.0,15.6,65.16,38,0,3.67
490,Winsford,GB,2022-04-04 00:00:06,53.1833,-2.5167,46.69,86,100,5.99
491,Benghazi,LY,2022-04-04 00:00:09,32.1167,20.0667,66.58,53,0,14.88
492,Collie,AU,2022-04-04 00:00:11,-33.3667,116.15,61.05,78,98,9.86
493,Jinotega,NI,2022-04-04 00:00:13,13.0917,-86.0018,77.07,36,80,7.85
494,Auki,SB,2022-04-04 00:00:20,-8.7676,160.7034,78.37,88,100,5.53
495,Necochea,AR,2022-04-04 00:00:16,-38.5473,-58.7368,50.59,57,47,10.67
496,Bathsheba,BB,2022-04-04 00:00:23,13.2167,-59.5167,77.74,75,19,17.0
497,Tupelo,US,2022-04-04 00:00:26,34.2576,-88.7034,67.82,59,4,4.16
498,Asifabad,IN,2022-04-04 00:00:28,19.3667,79.2833,82.74,30,68,4.61
499,Jining,CN,2022-04-04 00:00:30,35.405,116.5814,52.3,64,57,12.93
500,Santiago Do Cacem,PT,2022-04-04 00:00:31,38.0169,-8.6948,51.04,43,93,13.09
501,Wyszkow,PL,2022-04-04 00:00:32,52.5928,21.4584,35.15,88,81,7.96
502,Melbu,NO,2022-04-04 00:00:32,68.5044,14.8297,26.42,54,76,12.66
503,Nijar,ES,2022-04-04 00:00:33,36.9665,-2.206,49.66,43,40,18.41
504,Lasa,IT,2022-04-03 23:57:32,46.6166,10.7002,36.7,96,99,0.96
505,Bida,NG,2022-04-04 00:00:35,9.0833,6.0167,85.55,50,98,8.63
506,Miranda,CO,2022-04-04 00:00:29,3.2499,-76.2281,68.86,94,97,4.7
507,Xuddur,SO,2022-04-04 00:01:35,4.1213,43.8894,75.9,77,13,11.88
508,Batagay-Alyta,RU,2022-04-04 00:01:36,67.8006,130.4114,2.12,92,98,1.52
509,Te Anau,NZ,2022-04-03 23:58:16,-45.4167,167.7167,65.1,35,27,1.03
510,Hervey Bay,AU,2022-04-04 00:01:37,-25.2986,152.8535,80.02,70,2,7.0
511,Liverpool,GB,2022-04-04 00:00:01,53.4106,-2.9779,46.78,86,75,14.97
512,Scottsbluff,US,2022-04-03 23:59:02,41.8666,-103.6672,56.28,15,30,10.0
513,Ziguinchor,SN,2022-04-04 00:01:38,12.5833,-16.2719,71.83,65,75,10.67
514,Ulaanbaatar,MN,2022-04-04 00:01:38,47.9077,106.8832,36.39,44,72,3.8
515,Catamarca,AR,2022-04-04 00:01:39,-28.4696,-65.7852,65.59,55,0,2.66
516,Ponta Delgada,PT,2022-04-04 00:01:39,37.7333,-25.6667,57.92,72,75,10.36
517,Beloostrov,RU,2022-04-04 00:01:39,60.1512,30.0015,28.9,93,51,5.82
518,Bud,US,2022-04-04 00:01:40,39.447,-86.1758,55.42,41,19,3.83
519,Victor Harbor,AU,2022-04-04 00:01:40,-35.5667,138.6167,63.91,68,17,3.31
520,Bairiki,KI,2022-04-03 23:58:47,1.3292,172.9752,86.0,70,20,8.05
521,Athabasca,CA,2022-04-03 23:59:42,54.7169,-113.2854,46.81,70,75,12.12
522,Bonavista,CA,2022-04-04 00:01:41,48.6499,-53.1147,35.35,85,96,17.92
523,Westport,US,2022-04-04 00:01:28,41.1415,-73.3579,43.9,94,100,1.99
524,Kemijarvi,FI,2022-04-04 00:01:42,66.7131,27.4306,12.58,99,92,2.17
525,Suifenhe,CN,2022-04-04 00:01:42,44.4,131.1667,49.14,33,0,11.45
526,Fare,PF,2022-04-04 00:01:43,-16.7,-151.0167,82.18,71,62,12.03
527,Kibala,TD,2022-04-04 00:01:43,9.1104,18.3463,83.34,50,45,7.34
528,Port Lincoln,AU,2022-04-03 23:59:25,-34.7333,135.8667,64.92,66,13,5.46
529,Lata,PT,2022-04-04 00:01:44,40.1629,-8.3327,45.91,51,7,8.72
530,Vanimo,PG,2022-04-04 00:01:44,-2.6741,141.3028,84.2,69,98,1.74
531,Goma,CD,2022-04-03 23:57:37,-1.6792,29.2228,61.11,91,22,3.02
532,Batemans Bay,AU,2022-04-04 00:01:45,-35.7167,150.1833,65.1,65,100,4.0
533,Brae,GB,2022-04-04 00:01:45,60.3964,-1.353,46.53,96,100,20.2
534,Erice,IT,2022-04-04 00:01:46,38.037,12.5865,45.07,67,100,6.31
535,Billings,US,2022-04-03 23:57:11,45.7833,-108.5007,57.29,19,45,5.01
536,Christchurch,NZ,2022-04-04 00:01:42,-43.5333,172.6333,65.95,72,75,9.22
537,Yar-Sale,RU,2022-04-04 00:01:47,66.8333,70.8333,14.13,89,100,17.47
538,Rocha,UY,2022-04-04 00:01:47,-34.4833,-54.3333,63.05,93,66,5.66
539,Kerema,PG,2022-04-04 00:01:48,-7.9631,145.7785,82.65,69,73,3.6
540,Tigil,RU,2022-04-04 00:01:48,57.8,158.6667,24.22,84,97,9.15
541,Rondonopolis,BR,2022-04-04 00:01:48,-16.4708,-54.6356,75.78,83,4,1.7
542,Anadyr,RU,2022-04-04 00:01:49,64.75,177.4833,0.1,70,0,15.66
543,Caluquembe,AO,2022-04-04 00:01:50,-13.7833,14.6833,57.83,98,87,2.46
544,Colwyn Bay,GB,2022-04-04 00:01:50,53.2948,-3.7267,46.9,91,100,17.22
545,Alberton,CA,2022-04-04 00:00:29,46.8168,-64.0654,34.7,68,89,4.9
546,Meulaboh,ID,2022-04-04 00:01:45,4.1363,96.1285,74.37,85,100,3.24
547,Anchorage,US,2022-04-04 00:01:51,61.2181,-149.9003,41.63,46,98,5.01
548,Maracaibo,VE,2022-04-04 00:01:31,10.6317,-71.6406,81.95,72,85,13.0
549,Miri,MY,2022-04-04 00:00:20,4.4148,114.0089,79.27,82,66,3.83
550,Areka,ET,2022-04-04 00:00:30,7.0667,37.7,65.26,54,98,2.91
551,Solnechnyy,RU,2022-04-04 00:01:52,50.7214,136.6319,40.39,78,100,9.6
552,Kyra,RU,2022-04-04 00:01:52,49.5776,111.9753,33.04,64,92,4.07
553,Nantucket,US,2022-04-03 23:57:11,41.2835,-70.0995,42.91,87,100,9.22
554,Asau,RO,2022-04-04 00:01:53,46.4333,26.4,32.92,95,100,2.44
555,Hami,CN,2022-04-04 00:02:44,42.8,93.45,50.83,29,0,7.02
556,Kinsale,IE,2022-04-04 00:02:54,51.7075,-8.5306,49.23,93,75,10.36
557,Southbridge,US,2022-04-04 00:02:55,42.0751,-72.0334,43.93,92,100,1.01
558,Ketchikan,US,2022-04-04 00:02:55,55.3422,-131.6461,44.58,94,100,8.5
559,Sohag,EG,2022-04-04 00:02:56,26.557,31.6948,78.64,13,80,6.6
560,Gallup,US,2022-04-04 00:02:56,35.5281,-108.7426,64.24,19,0,10.36
